<?xml version="1.0" encoding="UTF-8"?><metadata>
    <idinfo>
        <citation>
            <citeinfo>
                <origin/>
                <pubdate>20120101</pubdate>
                <title>BND_ZIP_Code_Tabulation_Areas</title>
                <edition>2012</edition>
                <geoform>vector digital data</geoform>
                <othercit>Suggested bibliographic reference: RIGIS, 2012. ZIP Code Tabulation Areas; ZCTA13. Rhode Island Geographic Information System (RIGIS) Data Distribution System, URL: http://www.rigis.org, Environmental Data Center, University of Rhode Island, Kingston, Rhode Island (last date accessed: 30 September 2014).</othercit>
                <onlink>http://www.rigis.org</onlink>
                <onlink>http://data.rigis.org/bnd/ZCTA13.zip</onlink>
                <lworkcit>
                    <citeinfo>
                        <pubdate>19930101</pubdate>
                        <title>Rhode Island Geographic Information System (RIGIS) Data Distribution System</title>
                    </citeinfo>
                </lworkcit>
            </citeinfo>
        </citation>
        <descript>
            <abstract>

This dataset is a modified version of the source data that
are produced and distributed by the U.S. Census Bureau. ZCTA's associated with
Rhode Island were selected from the source national-scale dataset and clipped
to the Rhode Island coastline for cartographic purposes. 

 

The TIGER/Line shapefiles and related database files (.dbf)
are an extract of selected geographic and cartographic information from the
U.S. Census Bureau's Master Address File / Topologically Integrated Geographic
Encoding and Referencing (MAF/TIGER) Database (MTDB). The MTDB represents a
seamless national file with no overlaps or gaps between parts, however, each
TIGER/Line shapefile is designed to stand alone as an independent data set, or
they can be combined to cover the entire nation. 

 

ZIP Code Tabulation Areas (ZCTAs) are approximate area
representations of U.S. Postal Service (USPS) ZIP Code service areas that the
Census Bureau creates to present statistical data from Census 2000. The Census
Bureau creates ZCTAs for the United States, Puerto Rico, American Samoa, Guam,
the Commonwealth of the Northern Mariana Islands, and the U.S. Virgin Islands
for the 2010 Census. Data users should not use ZCTAs to identify the official
USPS ZIP Code for mail delivery. The USPS makes periodic changes to ZIP Codes
to support more efficient mail delivery. For the 2010 Census, ZCTAs should more
accurately represent the actual ZIP Codes at the time of their delineation than
they did for Census 2000. This is because that before the tabulation blocks,
which the ZCTAs are built from, were delineated for the 2010 Census, the Census
Bureau undertook the process of inserting lines that could be used as 2010
Census tabulation block boundaries, and these lines split polygons where the
result would be that a significant number of addresses would occur on either
one or both sides of the line associated with a single ZIP Code.

 

 Each 2010 Census
tabulation block that contains addresses is assigned to a single ZCTA, usually
to the ZCTA that reflects the most frequently occurring ZIP Code for the
addresses within that tabulation block. As a result, ZIP Codes associated with
address ranges found in the Address Ranges relationship file may not always
match the ZCTA. Blocks that do not contain addresses but are completely
surrounded by a single ZCTA (enclaves) are assigned to the surrounding ZCTA. A
ZCTA may not exist for every USPS ZIP Code. Some ZIP Codes may not have a
matching ZCTA because too few addresses were associated with the specific ZIP Code
or the ZIP Code was not the most frequently occurring ZIP Code within any of
the blocks were it exists. The Census Bureau uses the addresses stored within
MTDB to delineate ZCTAs, and at the time of the 2010 Census the MTDB primarily
included addresses for residential or at least potentially residential
structures, so ZCTAs representing only non-residential structures are
infrequent. Also, in each tabulation block, if a choice existed between using a
potential city-style mail delivery ZIP Code for an address or a post office box
ZIP Code, the city-style mail delivery ZIP Code was preferred for the 2010
Census ZCTA delineation. The Census Bureau identifies 5-digit ZCTAs using a
five-character numeric code that represents the most frequently occurring USPS ZIP
Code within that ZCTA, and this code may contain leading zeros.

</abstract>
            <purpose>Rhode Island 5-digit ZIP Code Tabulation Areas as compiled by the U.S. Census Bureau.</purpose>
            <supplinf>The TIGER/Line shapefiles and related database files (.dbf) are an extract of selected geographic and cartographic information from the U.S. Census Bureau's Master Address File / Topologically Integrated Geographic Encoding and Referencing (MAF/TIGER) Database (MTDB). The MTDB represents a seamless national file with no overlaps or gaps between parts, however, each TIGER/Line shapefile is designed to stand alone as an independent data set, or they can be combined to cover the entire nation. ZIP Code Tabulation Areas (ZCTAs) are approximate area representations of U.S. Postal Service (USPS) ZIP Code service areas that the Census Bureau creates to present statistical data from Census 2000. The Census Bureau creates ZCTAs for the United States, Puerto Rico, American Samoa, Guam, the Commonwealth of the Northern Mariana Islands, and the U.S. Virgin Islands for the 2010 Census. Data users should not use ZCTAs to identify the official USPS ZIP Code for mail delivery. The USPS makes periodic changes to ZIP Codes to support more efficient mail delivery. For the 2010 Census, ZCTAs should more accurately represent the actual ZIP Codes at the time of their delineation than they did for Census 2000. This is because that before the tabulation blocks, which the ZCTAs are built from, were delineated for the 2010 Census, the Census Bureau undertook the process of inserting lines that could be used as 2010 Census tabulation block boundaries, and these lines split polygons where the result would be that a significant number of addresses would occur on either one or both sides of the line associated with a single ZIP Code. Each 2010 Census tabulation block that contains addresses is assigned to a single ZCTA, usually to the ZCTA that reflects the most frequently occurring ZIP Code for the addresses within that tabulation block. As a result, ZIP Codes associated with address ranges found in the Address Ranges relationship file may not always match the ZCTA. Blocks that do not contain addresses but are completely surrounded by a single ZCTA (enclaves) are assigned to the surrounding ZCTA. A ZCTA may not exist for every USPS ZIP Code. Some ZIP Codes may not have a matching ZCTA because too few addresses were associated with the specific ZIP Code or the ZIP Code was not the most frequently occurring ZIP Code within any of the blocks were it exists. The Census Bureau uses the addresses stored within MTDB to delineate ZCTAs, and at the time of the 2010 Census the MTDB primarily included addresses for residential or at least potentially residential structures, so ZCTAs representing only non-residential structures are infrequent. Also, in each tabulation block, if a choice existed between using a potential city-style mail delivery ZIP Code for an address or a post office box ZIP Code, the city-style mail delivery ZIP Code was preferred for the 2010 Census ZCTA delineation. The Census Bureau identifies 5-digit ZCTAs using a five-character numeric code that represents the most frequently occurring USPS ZIP Code within that ZCTA, and this code may contain leading zeros.</supplinf>
        </descript>
        <timeperd>
            <timeinfo>
                <rngdates>
                    <begdate>20110801</begdate>
                    <enddate>20120601</enddate>
                </rngdates>
            </timeinfo>
            <current>Publication Date</current>
        </timeperd>
        <status>
            <progress>Complete</progress>
            <update>None planned</update>
        </status>
        <spdom>
            <bounding>
                <westbc>-71.896602</westbc>
                <eastbc>-71.117444</eastbc>
                <northbc>42.018859</northbc>
                <southbc>41.145927</southbc>
            </bounding>
        </spdom>
        <keywords>
            <theme>
                <themekt>ISO 19115 Topic Categories</themekt>
                <themekey>boundaries</themekey>
            </theme>
            <theme>
                <themekt>None</themekt>
                <themekey>ZIP Code Tabulation Area</themekey>
                <themekey>Polygon</themekey>
                <themekey>Nation</themekey>
                <themekey>ZCTA</themekey>
                <themekey>Zip Code</themekey>
            </theme>
            <place>
                <placekt>ANSI INCITS 38:2009 (Formerly FIPS 5-2), ANSI INCITS 31:2009 (Formerly FIPS 6-4),ANSI INCITS 454:2009 (Formerly FIPS 8-6), ANSI INCITS 455:2009(Formerly FIPS 9-1), ANSI INCITS 446:2008 (Geographic Names Information System (GNIS))</placekt>
                <placekey>U.S.</placekey>
                <placekey>United States</placekey>
            </place>
        </keywords>
        <accconst>None</accconst>
        <useconst>

 

These data
are shared under the RIGIS license agreement, which can be viewed below: 
This dataset is provided 'as is.’ The producer(s) of this dataset, contributors
to this dataset, the Rhode Island Geographic Information System (RIGIS)
consortium, the State of Rhode Island, and the University of Rhode Island do
not make any warranties of any kind for this dataset, and are not liable for
any loss or damage however and whenever caused by any use of this dataset.

Please acknowledge both RIGIS and the primary producer(s) of this dataset in
any derived products.  Versions of the RIGIS logo suitable for both
printed and web-based products are available at http://www.rigis.org/logos. 

U.S. Census Bureau Use Limitations: 
The source TIGER/Line Shapefile products are not copyrighted however TIGER/Line
and Census TIGER are registered trademarks of the U.S. Census Bureau. These
products are free to use in a product or publication, however acknowledgement must
be given to the U.S. Census Bureau as the source. The boundary information in
the TIGER/Line Shapefiles are for statistical data collection and tabulation
purposes only; their depiction and designation for statistical purposes does
not constitute a determination of jurisdictional authority or rights of
ownership or entitlement and they are not legal land descriptions. Coordinates
in the TIGER/Line shapefiles have six implied decimal places, but the
positional accuracy of these coordinates is not as great as the six decimal
places suggest.

</useconst>
        <ptcontac>
            <cntinfo>
                <cntorgp>
                    <cntorg>University of Rhode Island Environmental Data Center</cntorg>
                    <cntper>Greg Bonynge</cntper>
                </cntorgp>
                <cntaddr>
                    <addrtype>mailing and physical</addrtype>
                    <address>1 Greenhouse Road</address>
                    <city>Kingston</city>
                    <state>RI</state>
                    <postal>02881</postal>
                </cntaddr>
                <cntvoice>401-874-2180</cntvoice>
                <cntemail>greg@edc.uri.edu</cntemail>
                <cntinst>email preferred</cntinst>
            </cntinfo>
        </ptcontac>
        <datacred>URI EDC, RIGIS; U.S. Dept. of Commerce, U.S. Census Bureau, Geography Division. Icon credit: Maria Darron via The Noun Project</datacred>
        <native>Esri ArcGIS 10.4.1.5686</native>
    </idinfo>
    <dataqual>
        <attracc>
            <attraccr>Accurate against Federal Information Processing Series (FIPS), FIPS Publication 6-4, and FIPS-55 at the 100% level for the codes and base names. The remaining attribute information has been examined but has not been fully tested for accuracy.</attraccr>
        </attracc>
        <logic>The Census Bureau performed automated tests to ensure logical consistency and limits of shapefiles. Segments making up the outer and inner boundaries of a polygon tie end-to-end to completely enclose the area. All polygons are tested for closure. The Census Bureau uses its internally developed geographic update system to enhance and modify spatial and attribute data in the Census MAF/TIGER database. Standard geographic codes, such as FIPS codes for states, counties, municipalities, county subdivisions, places, American Indian/Alaska Native/Native Hawaiian areas, and congressional districts are used when encoding spatial entities. The Census Bureau performed spatial data tests for logical consistency of the codes during the compilation of the original Census MAF/TIGER database files. Most of the codes for geographic entities except states, counties, urban areas, Core Based Statistical Areas (CBSAs), American Indian Areas (AIAs), and congressional districts were provided to the Census Bureau by the USGS, the agency responsible for maintaining FIPS 55. Feature attribute information has been examined but has not been fully tested for consistency. For the TIGER/Line Shapefiles, the Point and Vector Object Count for the G-polygon SDTS Point and Vector Object Type reflects the number of records in the shapefile attribute table. For multi-polygon features, only one attribute record exists for each multi-polygon rather than one attribute record per individual G-polygon component of the multi-polygon feature. TIGER/Line Shapefile multi-polygons are an exception to the G-polygon object type classification. Therefore, when multi-polygons exist in a shapefile, the object count will be less than the actual number of G-polygons.</logic>
        <complete>Data completeness of the TIGER/Line Shapefiles reflects the contents of the Census MAF/TIGER database at the time the TIGER/Line Shapefiles were created.</complete>
        <lineage>
            <srcinfo>
                <srccite>
                    <citeinfo>
                        <title>Census MAF/TIGER database</title>
                    </citeinfo>
                </srccite>
                <typesrc>onLine</typesrc>
                <srctime>
                    <timeinfo>
                        <rngdates>
                            <begdate>20110801</begdate>
                            <enddate>20120601</enddate>
                        </rngdates>
                    </timeinfo>
                    <srccurr>Publication Date</srccurr>
                </srctime>
                <srccitea>Census MAF/TIGER database</srccitea>
                <srccontr>All line segments</srccontr>
            </srcinfo>
            <srcinfo>
                <srccite>
                    <citeinfo>
                        <pubdate>20120101</pubdate>
                        <title>TIGER/Line Shapefile, 2012, 2010 nation, U.S., 2010 Census 5-Digit ZIP Code Tabulation Area (ZCTA5) National</title>
                    </citeinfo>
                </srccite>
                <typesrc>onLine</typesrc>
                <srctime>
                    <timeinfo>
                        <rngdates>
                            <begdate>20110801</begdate>
                            <enddate>20120601</enddate>
                        </rngdates>
                    </timeinfo>
                    <srccurr>Unknown</srccurr>
                </srctime>
                <srccitea>TIGER/Line Shapefile, 2012, 2010 nation, U.S., 2010 Census 5-Digit ZIP Code Tabulation Area (ZCTA5) National</srccitea>
                <srccontr>feature and attribute data</srccontr>
            </srcinfo>
            <procstep>
                <procdesc>TIGER/Line Shapefiles are extracted from the Census MAF/TIGER database by nation, state, county, and entity. Census MAF/TIGER data for all of the aforementioned geographic entities are then distributed among the shapefiles each containing attributes for line, polygon, or landmark geographic data.</procdesc>
                <procdate>20120101</procdate>
            </procstep>
            <procstep>
                <procdesc>Source TIGER/Line shapefile for the State of Rhode Island downloaded from the U.S. Census Bureau via http://www.census.gov/cgi-bin/geo/shapefiles2012/layers.cgi. Selected all ZCTAs in RI using the following query: "ZCTA5CE10" LIKE '028%' OR "ZCTA5CE10" LIKE '029%', saved as separate dataset. Data reprojected to the NAD 83 Rhode Island state plane (foot) coordinate system. "State, Coastline, Town Boundaries" dataset acquired from RIGIS, dissolved to create a single multipart dataset that represents the inland state boundary and coastline. Reprojected TIGER/Line shapefiles were clipped using this state boundary dataset, improving it for cartographic purposes. Deleted ancillary attribute fields before contributing this dataset to RIGIS.</procdesc>
                <procdate>20130220</procdate>
                <proccont>
                    <cntinfo>
                        <cntorgp>
                            <cntorg>University of Rhode Island Environmental Data Center</cntorg>
                            <cntper>Greg Bonynge</cntper>
                        </cntorgp>
                        <cntaddr>
                            <addrtype>mailing and physical</addrtype>
                            <address>1 Greenhouse Road</address>
                            <city>Kingston</city>
                            <state>RI</state>
                            <postal>02881</postal>
                        </cntaddr>
                        <cntvoice>401-874-2180</cntvoice>
                        <cntemail>greg@edc.uri.edu</cntemail>
                        <cntinst>email preferred</cntinst>
                    </cntinfo>
                </proccont>
            </procstep>
            <procstep>
                <procdesc>Data contributed to RIGIS by the University of Rhode Island Environmental Data Center. Metadata were adapted, minor updates made to content, RIGIS distribution information added. Credit for primary source metadata authorship remains with the U.S. Census Bureau.</procdesc>
                <procdate>20130222</procdate>
                <proccont>
                    <cntinfo>
                        <cntorgp>
                            <cntorg>University of Rhode Island Environmental Data Center</cntorg>
                            <cntper>Greg Bonynge</cntper>
                        </cntorgp>
                        <cntaddr>
                            <addrtype>mailing and physical</addrtype>
                            <address>1 Greenhouse Road</address>
                            <city>Kingston</city>
                            <state>RI</state>
                            <postal>02881</postal>
                        </cntaddr>
                        <cntvoice>401-874-2180</cntvoice>
                        <cntemail>greg@edc.uri.edu</cntemail>
                        <cntinst>email preferred</cntinst>
                    </cntinfo>
                </proccont>
            </procstep>
        </lineage>
    </dataqual>
    <spdoinfo>
        <indspref>Federal Information Processing Series (FIPS), ANSI, and feature names.</indspref>
        <direct>Vector</direct>
        <ptvctinf>
            <sdtsterm>
                <sdtstype>GT-polygon composed of chains</sdtstype>
                <ptvctcnt>77</ptvctcnt>
            </sdtsterm>
        </ptvctinf>
    </spdoinfo>
    <eainfo>
        <detailed>
            <enttyp>
                <enttypl>BND_ZIP_Code_Tabulation_Areas</enttypl>
                <enttypd>2010 Census 5-digit ZIP Code Tabulation Area (ZCTA5)</enttypd>
                <enttypds>U.S. Census Bureau</enttypds>
            </enttyp>
            <attr>
                <attrlabl>OBJECTID</attrlabl>
                <attrdef>Internal feature number.</attrdef>
                <attrdefs>Esri</attrdefs>
                <attrdomv>
                    					
                    <udom>Sequential unique whole numbers that are automatically generated.</udom>
                    				
                </attrdomv>
            </attr>
            <attr>
                <attrlabl>Shape</attrlabl>
                <attrdef>Feature geometry.</attrdef>
                <attrdefs>Esri</attrdefs>
                <attrdomv>
                    					
                    <udom>Coordinates defining the features.</udom>
                    				
                </attrdomv>
            </attr>
            <attr>
                <attrlabl>GEOID10</attrlabl>
                <attrdef>2010 Census 5-digit ZIP Code Tabulation Area identifier, 2010 Census 5-digit ZIP Code Tabulation Area code</attrdef>
                <attrdefs>U.S. Census Bureau</attrdefs>
                <attrdomv>
                    					
                    <udom>2010 Census 5-digit ZIP Code Tabulation Area codefound in ZCTA5CE10</udom>
                    				
                </attrdomv>
            </attr>
            <attr>
                <attrlabl>CLASSFP10</attrlabl>
                <attrdef>2010 Census Federal Information Processing Series (FIPS) 55 class code</attrdef>
                <attrdefs>U.S. Census Bureau</attrdefs>
                <attrdomv>
                    					
                    <edom>
                        						
                        <edomv>B5</edomv>
                        						
                        <edomvd>Five-digit ZCTA</edomvd>
                        						
                        <edomvds>U.S. Census Bureau</edomvds>
                        					
                    </edom>
                    				
                </attrdomv>
            </attr>
            <attr>
                <attrlabl>MTFCC10</attrlabl>
                <attrdef>MAF/TIGER feature class code</attrdef>
                <attrdefs>U.S. Census Bureau</attrdefs>
                <attrdomv>
                    					
                    <edom>
                        						
                        <edomv>G6350</edomv>
                        						
                        <edomvd>ZIP Code Tabulation Area (5-digit)</edomvd>
                        						
                        <edomvds>U.S. Census Bureau</edomvds>
                        					
                    </edom>
                    				
                </attrdomv>
            </attr>
            <attr>
                <attrlabl>ZCTA5CE10</attrlabl>
                <attrdef>2010 Census 5-digit ZIP Code Tabulation Area code</attrdef>
                <attrdefs>U.S. Census Bureau</attrdefs>
                <attrdomv>
                    					
                    <edom>
                        						
                        <edomv>00401 to 99950</edomv>
                        						
                        <edomvd>Five-digit ZIP code</edomvd>
                        						
                        <edomvds>U.S. Census Bureau</edomvds>
                        					
                    </edom>
                    				
                </attrdomv>
            </attr>
            <attr>
                <attrlabl>Shape_Length</attrlabl>
                <attrdef>Length of feature in internal units.</attrdef>
                <attrdefs>Esri</attrdefs>
                <attrdomv>
                    					
                    <udom>Positive real numbers that are automatically generated.</udom>
                    				
                </attrdomv>
            </attr>
            <attr>
                <attrlabl>Shape_Area</attrlabl>
                <attrdef>Area of feature in internal units squared.</attrdef>
                <attrdefs>Esri</attrdefs>
                <attrdomv>
                    					
                    <udom>Positive real numbers that are automatically generated.</udom>
                    				
                </attrdomv>
            </attr>
        </detailed>
    </eainfo>
    <distinfo>
        <distrib>
            <cntinfo>
                <cntorgp>
                    <cntorg>University of Rhode Island Environmental Data Center</cntorg>
                    <cntper>Erica Tefft</cntper>
                </cntorgp>
                <cntaddr>
                    <addrtype>mailing and physical</addrtype>
                    <address>1 Greenhouse Road</address>
                    <city>Kingston</city>
                    <state>RI</state>
                    <postal>02881</postal>
                </cntaddr>
                <cntvoice>401-874-5054</cntvoice>
                <cntemail>erica@edc.uri.edu</cntemail>
                <cntinst>email preferred</cntinst>
            </cntinfo>
        </distrib>
        <distliab>This dataset is provided 'as is.' The producer(s) of this dataset, contributors to this dataset, the Rhode Island Geographic Information System (RIGIS) consortium, the State of Rhode Island, and the University of Rhode Island do not make any warranties of any kind for this dataset, and are not liable for any loss or damage however and whenever caused by any use of this dataset.</distliab>
        <stdorder>
            <digform>
                <digtinfo>
                    <formname>Esri shapefile</formname>
                    <filedec>ZIP</filedec>
                </digtinfo>
                <digtopt>
                    <onlinopt>
                        <computer>
                            <networka>
                                <networkr>http://www.rigis.org</networkr>
                            </networka>
                        </computer>
                    </onlinopt>
                </digtopt>
            </digform>
            <fees>No fee for downloading directly from the RIGIS Data Distribution System located at http://www.rigis.org.</fees>
        </stdorder>
    </distinfo>
    <metainfo>
        <metd>20161115</metd>
        <metrd>20130222</metrd>
        <metc>
            <cntinfo>
                <cntorgp>
                    <cntorg>U.S. Department of Commerce, U.S. Census Bureau, Geography Division, Geographic Products Branch</cntorg>
                </cntorgp>
                <cntaddr>
                    <addrtype>mailing</addrtype>
                    <address>4600 Silver Hill Road, Stop 7400</address>
                    <city>Washington</city>
                    <state>DC</state>
                    <postal>20233-7400</postal>
                    <country>US</country>
                </cntaddr>
                <cntvoice>301-763-1128</cntvoice>
                <cntfax>301-763-4710</cntfax>
                <cntemail>geo.tiger@census.gov</cntemail>
            </cntinfo>
        </metc>
        <metstdn>FGDC Content Standard for Digital Geospatial Metadata</metstdn>
        <metstdv>FGDC-STD-001-1998</metstdv>
        <mettc>local time</mettc>
    </metainfo>
</metadata>
